time,machine,cycle_id,product,recipe,recipe_ver,mold_id,shot_count,phase,event,t_upper,t_lower,force,position,force_unit
2026-06-01 08:00:00,M-01,CYC-0001,LENS-A,RCP-A,3,MOLD-02,12000,preheat,cycle.started,181.9,180.0,0.0,0.00,kN
2026-06-01 08:00:20,M-01,CYC-0001,LENS-A,RCP-A,3,MOLD-02,12000,preheat,process.sample,300.3,296.0,0.0,-0.01,kN
2026-06-01 08:00:35,M-01,CYC-0001,LENS-A,RCP-A,3,MOLD-02,12000,soak,process.sample,341.5,339.4,0.0,2.01,kN
2026-06-01 08:00:50,M-01,CYC-0001,LENS-A,RCP-A,3,MOLD-02,12000,press,process.sample,378.8,376.8,523.5,4.07,kN
2026-06-01 08:01:05,M-01,CYC-0001,LENS-A,RCP-A,3,MOLD-02,12000,anneal,process.sample,419.0,413.4,526.0,6.03,kN
2026-06-01 08:01:20,M-01,CYC-0001,LENS-A,RCP-A,3,MOLD-02,12000,cool,process.sample,462.4,459.3,513.4,7.93,kN
2026-06-01 08:01:35,M-01,CYC-0001,LENS-A,RCP-A,3,MOLD-02,12000,cool,cycle.completed,120.8,115.6,0.0,10.00,kN
2026-06-01 08:02:05,M-01,CYC-0002,LENS-A,RCP-A,3,MOLD-02,12003,preheat,cycle.started,181.5,176.2,0.0,0.00,kN
2026-06-01 08:02:25,M-01,CYC-0002,LENS-A,RCP-A,3,MOLD-02,12003,preheat,process.sample,298.6,295.4,0.0,0.10,kN
2026-06-01 08:02:40,M-01,CYC-0002,LENS-A,RCP-A,3,MOLD-02,12003,soak,process.sample,337.3,332.7,0.0,1.91,kN
2026-06-01 08:02:55,M-01,CYC-0002,LENS-A,RCP-A,3,MOLD-02,12003,press,process.sample,380.0,375.2,530.2,3.92,kN
2026-06-01 08:03:10,M-01,CYC-0002,LENS-A,RCP-A,3,MOLD-02,12003,anneal,process.sample,417.7,415.6,517.8,6.02,kN
2026-06-01 08:03:25,M-01,CYC-0002,LENS-A,RCP-A,3,MOLD-02,12003,cool,process.sample,457.6,454.0,505.3,7.96,kN
2026-06-01 08:03:40,M-01,CYC-0002,LENS-A,RCP-A,3,MOLD-02,12003,cool,cycle.completed,119.6,117.2,0.0,10.00,kN
2026-06-01 08:04:10,M-01,CYC-0003,LENS-A,RCP-A,3,MOLD-02,12006,preheat,cycle.started,180.2,176.4,0.0,0.00,kN
2026-06-01 08:04:30,M-01,CYC-0003,LENS-A,RCP-A,3,MOLD-02,12006,preheat,process.sample,297.1,293.2,0.0,0.07,kN
2026-06-01 08:04:45,M-01,CYC-0003,LENS-A,RCP-A,3,MOLD-02,12006,soak,process.sample,337.6,336.4,0.0,1.93,kN
2026-06-01 08:05:00,M-01,CYC-0003,LENS-A,RCP-A,3,MOLD-02,12006,press,process.sample,377.7,372.8,506.7,3.97,kN
2026-06-01 08:05:15,M-01,CYC-0003,LENS-A,RCP-A,3,MOLD-02,12006,anneal,process.sample,421.7,417.4,514.9,5.90,kN
2026-06-01 08:05:30,M-01,CYC-0003,LENS-A,RCP-A,3,MOLD-02,12006,cool,process.sample,461.0,459.8,509.0,8.10,kN
2026-06-01 08:05:45,M-01,CYC-0003,LENS-A,RCP-A,3,MOLD-02,12006,cool,cycle.completed,121.6,117.6,0.0,10.00,kN
2026-06-01 08:06:15,M-01,CYC-0004,LENS-A,RCP-A,3,MOLD-02,12009,preheat,cycle.started,180.8,178.4,0.0,0.00,kN
2026-06-01 08:06:35,M-01,CYC-0004,LENS-A,RCP-A,3,MOLD-02,12009,preheat,process.sample,297.5,295.9,0.0,0.08,kN
2026-06-01 08:06:50,M-01,CYC-0004,LENS-A,RCP-A,3,MOLD-02,12009,soak,process.sample,342.0,339.3,0.0,2.08,kN
2026-06-01 08:07:05,M-01,CYC-0004,LENS-A,RCP-A,3,MOLD-02,12009,press,process.sample,382.9,378.1,511.8,3.94,kN
2026-06-01 08:07:20,M-01,CYC-0004,LENS-A,RCP-A,3,MOLD-02,12009,anneal,process.sample,421.9,415.9,531.0,6.08,kN
2026-06-01 08:07:35,M-01,CYC-0004,LENS-A,RCP-A,3,MOLD-02,12009,cool,process.sample,461.0,457.4,519.2,8.01,kN
2026-06-01 08:07:50,M-01,CYC-0004,LENS-A,RCP-A,3,MOLD-02,12009,cool,cycle.completed,122.0,119.1,0.0,10.00,kN
2026-06-01 08:08:20,M-01,CYC-0005,LENS-A,RCP-A,3,MOLD-02,12012,preheat,cycle.started,179.2,178.3,0.0,0.00,kN
2026-06-01 08:08:40,M-01,CYC-0005,LENS-A,RCP-A,3,MOLD-02,12012,preheat,process.sample,298.3,295.2,0.0,-0.02,kN
2026-06-01 08:08:55,M-01,CYC-0005,LENS-A,RCP-A,3,MOLD-02,12012,soak,process.sample,341.3,340.1,0.0,1.96,kN
2026-06-01 08:09:10,M-01,CYC-0005,LENS-A,RCP-A,3,MOLD-02,12012,press,process.sample,382.5,376.7,530.0,4.09,kN
2026-06-01 08:09:25,M-01,CYC-0005,LENS-A,RCP-A,3,MOLD-02,12012,anneal,process.sample,420.1,414.3,507.2,6.05,kN
2026-06-01 08:09:40,M-01,CYC-0005,LENS-A,RCP-A,3,MOLD-02,12012,cool,process.sample,459.3,458.1,532.3,8.03,kN
2026-06-01 08:09:55,M-01,CYC-0005,LENS-A,RCP-A,3,MOLD-02,12012,cool,cycle.completed,117.2,117.3,0.0,10.00,kN
2026-06-01 08:10:25,M-01,CYC-0006,LENS-A,RCP-A,3,MOLD-02,12015,preheat,cycle.started,181.8,177.6,0.0,0.00,kN
2026-06-01 08:10:45,M-01,CYC-0006,LENS-A,RCP-A,3,MOLD-02,12015,preheat,process.sample,300.2,299.0,0.0,-0.02,kN
2026-06-01 08:11:00,M-01,CYC-0006,LENS-A,RCP-A,3,MOLD-02,12015,soak,process.sample,340.7,336.4,0.0,2.03,kN
2026-06-01 08:11:15,M-01,CYC-0006,LENS-A,RCP-A,3,MOLD-02,12015,press,process.sample,381.0,376.2,526.2,3.99,kN
2026-06-01 08:11:30,M-01,CYC-0006,LENS-A,RCP-A,3,MOLD-02,12015,anneal,process.sample,420.5,414.7,527.5,5.93,kN
2026-06-01 08:11:45,M-01,CYC-0006,LENS-A,RCP-A,3,MOLD-02,12015,cool,process.sample,457.5,452.7,526.9,7.90,kN
2026-06-01 08:12:00,M-01,CYC-0006,LENS-A,RCP-A,3,MOLD-02,12015,cool,cycle.completed,119.5,116.9,0.0,10.00,kN
2026-06-01 08:12:30,M-01,CYC-0007,LENS-A,RCP-A,3,MOLD-02,12018,preheat,cycle.started,180.7,178.2,0.0,0.00,kN
2026-06-01 08:12:50,M-01,CYC-0007,LENS-A,RCP-A,3,MOLD-02,12018,preheat,process.sample,300.4,299.3,0.0,-0.09,kN
2026-06-01 08:13:05,M-01,CYC-0007,LENS-A,RCP-A,3,MOLD-02,12018,soak,process.sample,339.3,335.3,0.0,2.01,kN
2026-06-01 08:13:20,M-01,CYC-0007,LENS-A,RCP-A,3,MOLD-02,12018,press,process.sample,377.1,374.6,510.4,4.04,kN
2026-06-01 08:13:35,M-01,CYC-0007,LENS-A,RCP-A,3,MOLD-02,12018,anneal,process.sample,420.0,418.4,509.2,5.91,kN
2026-06-01 08:13:50,M-01,CYC-0007,LENS-A,RCP-A,3,MOLD-02,12018,cool,process.sample,459.9,457.4,512.9,8.05,kN
2026-06-01 08:14:05,M-01,CYC-0007,LENS-A,RCP-A,3,MOLD-02,12018,cool,cycle.completed,118.6,116.5,0.0,10.00,kN
2026-06-01 08:14:35,M-01,CYC-0008,LENS-A,RCP-A,3,MOLD-02,12021,preheat,cycle.started,178.7,180.0,0.0,0.00,kN
2026-06-01 08:14:55,M-01,CYC-0008,LENS-A,RCP-A,3,MOLD-02,12021,preheat,process.sample,300.2,297.5,0.0,0.01,kN
2026-06-01 08:15:10,M-01,CYC-0008,LENS-A,RCP-A,3,MOLD-02,12021,soak,process.sample,339.0,336.7,0.0,1.97,kN
2026-06-01 08:15:25,M-01,CYC-0008,LENS-A,RCP-A,3,MOLD-02,12021,press,process.sample,378.0,376.6,507.0,3.92,kN
2026-06-01 08:15:40,M-01,CYC-0008,LENS-A,RCP-A,3,MOLD-02,12021,anneal,process.sample,418.3,415.0,527.3,6.07,kN
2026-06-01 08:15:55,M-01,CYC-0008,LENS-A,RCP-A,3,MOLD-02,12021,cool,process.sample,460.5,454.9,524.4,8.07,kN
2026-06-01 08:16:40,M-01,CYC-0009,LENS-A,RCP-A,3,MOLD-02,12024,preheat,cycle.started,179.6,177.1,0.0,0.00,kN
2026-06-01 08:17:00,M-01,CYC-0009,LENS-A,RCP-A,3,MOLD-02,12024,preheat,process.sample,297.2,291.9,0.0,-0.01,kN
2026-06-01 08:17:15,M-01,CYC-0009,LENS-A,RCP-A,3,MOLD-02,12024,soak,process.sample,342.5,339.8,0.0,2.07,kN
2026-06-01 08:17:30,M-01,CYC-0009,LENS-A,RCP-A,3,MOLD-02,12024,press,process.sample,380.7,376.0,523.7,3.91,kN
2026-06-01 08:17:45,M-01,CYC-0009,LENS-A,RCP-A,3,MOLD-02,12024,anneal,process.sample,417.8,413.2,523.0,6.02,kN
2026-06-01 08:18:00,M-01,CYC-0009,LENS-A,RCP-A,3,MOLD-02,12024,cool,process.sample,461.9,456.5,524.7,8.08,kN
2026-06-01 08:18:15,M-01,CYC-0009,LENS-A,RCP-A,3,MOLD-02,12024,cool,cycle.completed,118.2,120.7,0.0,10.00,kN
2026-06-01 08:18:45,M-01,CYC-0010,LENS-A,RCP-A,3,MOLD-02,12027,preheat,cycle.started,179.0,176.6,0.0,0.00,kN
2026-06-01 08:19:05,M-01,CYC-0010,LENS-A,RCP-A,3,MOLD-02,12027,preheat,process.sample,298.0,292.4,0.0,-0.04,kN
2026-06-01 08:19:20,M-01,CYC-0010,LENS-A,RCP-A,3,MOLD-02,12027,soak,process.sample,341.5,336.1,0.0,1.93,kN
2026-06-01 08:19:35,M-01,CYC-0010,LENS-A,RCP-A,3,MOLD-02,12027,press,process.sample,377.7,372.4,528.3,4.06,kN
2026-06-01 08:19:50,M-01,CYC-0010,LENS-A,RCP-A,3,MOLD-02,12027,anneal,process.sample,418.0,414.1,512.0,6.04,kN
2026-06-01 08:20:05,M-01,CYC-0010,LENS-A,RCP-A,3,MOLD-02,12027,cool,process.sample,457.8,454.5,519.1,8.06,kN
2026-06-01 08:20:20,M-01,CYC-0010,LENS-A,RCP-A,3,MOLD-02,12027,cool,cycle.completed,121.6,117.5,0.0,10.00,kN
2026-06-01 08:20:50,M-01,CYC-0011,LENS-A,RCP-A,3,MOLD-02,12030,preheat,cycle.started,180.3,177.1,0.0,0.00,kN
2026-06-01 08:21:10,M-01,CYC-0011,LENS-A,RCP-A,3,MOLD-02,12030,preheat,process.sample,298.8,297.4,0.0,-0.02,kN
2026-06-01 08:21:25,M-01,CYC-0011,LENS-A,RCP-A,3,MOLD-02,12030,soak,process.sample,341.2,339.6,0.0,2.03,kN
2026-06-01 08:21:40,M-01,CYC-0011,LENS-A,RCP-A,3,MOLD-02,12030,press,process.sample,381.7,378.2,528.6,4.07,kN
2026-06-01 08:21:55,M-01,CYC-0011,LENS-A,RCP-A,3,MOLD-02,12030,anneal,process.sample,422.1,419.9,519.5,5.93,kN
2026-06-01 08:22:10,M-01,CYC-0011,LENS-A,RCP-A,3,MOLD-02,12030,cool,process.sample,458.2,453.4,505.7,8.03,kN
2026-06-01 08:22:25,M-01,CYC-0011,LENS-A,RCP-A,3,MOLD-02,12030,cool,cycle.completed,122.3,119.2,0.0,10.00,kN
2026-06-01 08:22:55,M-01,CYC-0012,LENS-A,RCP-A,3,MOLD-02,12033,preheat,cycle.started,180.0,176.1,0.0,0.00,kN
2026-06-01 08:23:15,M-01,CYC-0012,LENS-A,RCP-A,3,MOLD-02,12033,preheat,process.sample,300.9,295.7,0.0,-0.04,kN
2026-06-01 08:23:30,M-01,CYC-0012,LENS-A,RCP-A,3,MOLD-02,12033,soak,process.sample,341.2,339.2,0.0,2.08,kN
2026-06-01 08:23:45,M-01,CYC-0012,LENS-A,RCP-A,3,MOLD-02,12033,press,process.sample,381.8,379.1,517.0,4.09,kN
2026-06-01 08:24:00,M-01,CYC-0012,LENS-A,RCP-A,3,MOLD-02,12033,anneal,process.sample,418.2,414.1,522.1,5.93,kN
2026-06-01 08:24:15,M-01,CYC-0012,LENS-A,RCP-A,3,MOLD-02,12033,cool,process.sample,461.0,457.5,523.7,7.91,kN
2026-06-01 08:24:30,M-01,CYC-0012,LENS-A,RCP-A,3,MOLD-02,12033,cool,cycle.completed,122.2,120.5,0.0,10.00,kN
2026-06-01 08:25:00,M-01,CYC-0013,LENS-A,RCP-A,3,MOLD-02,12036,preheat,cycle.started,179.5,176.5,0.0,0.00,kN
2026-06-01 08:25:20,M-01,CYC-0013,LENS-A,RCP-A,3,MOLD-02,12036,preheat,process.sample,302.4,300.6,0.0,0.07,kN
2026-06-01 08:25:35,M-01,CYC-0013,LENS-A,RCP-A,3,MOLD-02,12036,soak,process.sample,340.2,334.5,0.0,2.02,kN
2026-06-01 08:25:50,M-01,CYC-0013,LENS-A,RCP-A,3,MOLD-02,12036,press,process.sample,378.6,377.4,513.1,3.99,kN
2026-06-01 08:26:05,M-01,CYC-0013,LENS-A,RCP-A,3,MOLD-02,12036,anneal,process.sample,422.9,420.3,520.4,5.94,kN
2026-06-01 08:26:20,M-01,CYC-0013,LENS-A,RCP-A,3,MOLD-02,12036,cool,process.sample,462.7,461.4,510.2,7.95,kN
2026-06-01 08:26:35,M-01,CYC-0013,LENS-A,RCP-A,3,MOLD-02,12036,cool,cycle.completed,120.4,119.0,0.0,10.00,kN
2026-06-01 08:27:05,M-01,CYC-0014,LENS-A,RCP-A,3,MOLD-02,12039,preheat,cycle.started,179.0,177.7,0.0,0.00,kN
2026-06-01 08:27:25,M-01,CYC-0014,LENS-A,RCP-A,3,MOLD-02,12039,preheat,process.sample,299.2,297.1,0.0,0.04,kN
2026-06-01 08:27:40,M-01,CYC-0014,LENS-A,RCP-A,3,MOLD-02,12039,soak,process.sample,342.8,340.2,0.0,2.07,kN
2026-06-01 08:27:55,M-01,CYC-0014,LENS-A,RCP-A,3,MOLD-02,12039,press,process.sample,381.3,376.9,517.4,4.02,kN
2026-06-01 08:28:10,M-01,CYC-0014,LENS-A,RCP-A,3,MOLD-02,12039,anneal,process.sample,418.8,415.4,520.1,6.08,kN
2026-06-01 08:28:25,M-01,CYC-0014,LENS-A,RCP-A,3,MOLD-02,12039,cool,process.sample,460.0,456.7,530.2,8.08,kN
2026-06-01 08:28:40,M-01,CYC-0014,LENS-A,RCP-A,3,MOLD-02,12039,cool,cycle.completed,117.0,118.1,0.0,10.00,kN
2026-06-01 08:29:10,M-01,CYC-0015,LENS-A,RCP-A,3,MOLD-02,12042,preheat,cycle.started,181.1,179.3,0.0,0.00,kN
2026-06-01 08:29:30,M-01,CYC-0015,LENS-A,RCP-A,3,MOLD-02,12042,preheat,process.sample,299.1,297.0,0.0,0.07,kN
2026-06-01 08:29:45,M-01,CYC-0015,LENS-A,RCP-A,3,MOLD-02,12042,soak,process.sample,341.2,335.8,0.0,2.06,kN
2026-06-01 08:30:00,M-01,CYC-0015,LENS-A,RCP-A,3,MOLD-02,12042,press,process.sample,381.5,379.9,514.4,4.00,kN
2026-06-01 08:30:15,M-01,CYC-0015,LENS-A,RCP-A,3,MOLD-02,12042,anneal,process.sample,420.2,418.7,526.0,5.97,kN
2026-06-01 08:30:30,M-01,CYC-0015,LENS-A,RCP-A,3,MOLD-02,12042,cool,process.sample,457.0,455.7,510.6,7.96,kN
2026-06-01 08:30:45,M-01,CYC-0015,LENS-A,RCP-A,3,MOLD-02,12042,cool,cycle.completed,119.4,120.0,0.0,10.00,kN
2026-06-01 08:31:15,M-01,CYC-0016,LENS-A,RCP-A,3,MOLD-02,12045,preheat,cycle.started,178.1,180.0,0.0,0.00,kN
2026-06-01 08:31:35,M-01,CYC-0016,LENS-A,RCP-A,3,MOLD-02,12045,preheat,process.sample,301.2,299.5,0.0,-0.03,kN
2026-06-01 08:31:50,M-01,CYC-0016,LENS-A,RCP-A,3,MOLD-02,12045,soak,process.sample,339.0,337.7,0.0,1.90,kN
2026-06-01 08:32:05,M-01,CYC-0016,LENS-A,RCP-A,3,MOLD-02,12045,press,process.sample,381.9,379.4,532.2,3.90,kN
2026-06-01 08:32:20,M-01,CYC-0016,LENS-A,RCP-A,3,MOLD-02,12045,anneal,process.sample,420.6,414.9,513.8,5.96,kN
2026-06-01 08:32:35,M-01,CYC-0016,LENS-A,RCP-A,3,MOLD-02,12045,cool,process.sample,460.4,458.7,524.1,8.03,kN
2026-06-01 08:32:50,M-01,CYC-0016,LENS-A,RCP-A,3,MOLD-02,12045,cool,cycle.completed,118.1,120.3,0.0,10.00,kN
2026-06-01 08:33:20,M-01,CYC-0017,LENS-A,RCP-A,3,MOLD-02,12048,preheat,cycle.started,180.7,178.8,0.0,0.00,kN
2026-06-01 08:33:40,M-01,CYC-0017,LENS-A,RCP-A,3,MOLD-02,12048,preheat,process.sample,299.1,294.4,0.0,-0.02,kN
2026-06-01 08:33:55,M-01,CYC-0017,LENS-A,RCP-A,3,MOLD-02,12048,soak,process.sample,341.9,339.5,0.0,1.90,kN
2026-06-01 08:34:10,M-01,CYC-0017,LENS-A,RCP-A,3,MOLD-02,12048,press,process.sample,382.3,379.6,513.5,3.96,kN
2026-06-01 08:34:25,M-01,CYC-0017,LENS-A,RCP-A,3,MOLD-02,12048,anneal,process.sample,418.2,416.3,515.4,6.04,kN
2026-06-01 08:34:40,M-01,CYC-0017,LENS-A,RCP-A,3,MOLD-02,12048,cool,process.sample,462.2,456.7,530.6,8.07,kN
2026-06-01 08:34:55,M-01,CYC-0017,LENS-A,RCP-A,3,MOLD-02,12048,cool,cycle.completed,121.8,117.9,0.0,10.00,kN
2026-06-01 08:35:25,M-01,CYC-0018,LENS-A,RCP-A,3,MOLD-02,12051,preheat,cycle.started,181.5,179.8,0.0,0.00,kN
2026-06-01 08:35:45,M-01,CYC-0018,LENS-A,RCP-A,3,MOLD-02,12051,preheat,process.sample,299.4,293.8,0.0,-0.05,kN
2026-06-01 08:36:00,M-01,CYC-0018,LENS-A,RCP-A,3,MOLD-02,12051,soak,process.sample,341.7,335.8,0.0,2.09,kN
2026-06-01 08:36:15,M-01,CYC-0018,LENS-A,RCP-A,3,MOLD-02,12051,press,process.sample,378.8,376.5,513.8,4.09,kN
2026-06-01 08:36:30,M-01,CYC-0018,LENS-A,RCP-A,3,MOLD-02,12051,anneal,process.sample,420.3,417.2,515.2,5.96,kN
2026-06-01 08:36:45,M-01,CYC-0018,LENS-A,RCP-A,3,MOLD-02,12051,cool,process.sample,459.9,454.5,509.5,7.93,kN
2026-06-01 08:37:00,M-01,CYC-0018,LENS-A,RCP-A,3,MOLD-02,12051,cool,cycle.completed,121.2,116.0,0.0,10.00,kN
2026-06-01 08:37:30,M-01,CYC-0019,LENS-A,RCP-A,3,MOLD-02,12054,preheat,cycle.started,178.9,178.9,0.0,0.00,kN
2026-06-01 08:37:50,M-01,CYC-0019,LENS-A,RCP-A,3,MOLD-02,12054,preheat,process.sample,297.5,293.5,0.0,-0.01,kN
2026-06-01 08:38:05,M-01,CYC-0019,LENS-A,RCP-A,3,MOLD-02,12054,soak,process.sample,337.7,334.9,0.0,1.91,kN
2026-06-01 08:38:20,M-01,CYC-0019,LENS-A,RCP-A,3,MOLD-02,12054,press,process.sample,380.0,376.1,511.0,4.04,kN
2026-06-01 08:38:35,M-01,CYC-0019,LENS-A,RCP-A,3,MOLD-02,12054,anneal,process.sample,422.7,418.2,511.4,5.99,kN
2026-06-01 08:38:50,M-01,CYC-0019,LENS-A,RCP-A,3,MOLD-02,12054,cool,process.sample,460.0,458.2,508.5,8.05,kN
2026-06-01 08:39:05,M-01,CYC-0019,LENS-A,RCP-A,3,MOLD-02,12054,cool,cycle.completed,121.2,118.7,0.0,10.00,kN
2026-06-01 08:39:35,M-01,CYC-0020,LENS-A,RCP-A,3,MOLD-02,12057,preheat,cycle.started,181.3,177.0,0.0,0.00,kN
2026-06-01 08:39:55,M-01,CYC-0020,LENS-A,RCP-A,3,MOLD-02,12057,preheat,process.sample,301.8,296.4,0.0,0.05,kN
2026-06-01 08:40:10,M-01,CYC-0020,LENS-A,RCP-A,3,MOLD-02,12057,soak,process.sample,338.3,336.6,0.0,2.08,kN
2026-06-01 08:40:25,M-01,CYC-0020,LENS-A,RCP-A,3,MOLD-02,12057,press,process.sample,377.9,374.3,527.1,3.98,kN
2026-06-01 08:40:40,M-01,CYC-0020,LENS-A,RCP-A,3,MOLD-02,12057,anneal,process.sample,422.3,417.1,522.3,5.94,kN
2026-06-01 08:40:55,M-01,CYC-0020,LENS-A,RCP-A,3,MOLD-02,12057,cool,process.sample,462.0,456.0,529.2,8.03,kN
2026-06-01 08:41:40,M-01,CYC-0021,LENS-A,RCP-A,3,MOLD-02,12060,preheat,cycle.started,179.8,179.3,0.0,0.00,kN
2026-06-01 08:42:00,M-01,CYC-0021,LENS-A,RCP-A,3,MOLD-02,12060,preheat,process.sample,302.9,298.7,0.0,-0.09,kN
2026-06-01 08:42:15,M-01,CYC-0021,LENS-A,RCP-A,3,MOLD-02,12060,soak,process.sample,338.0,332.2,0.0,1.91,kN
2026-06-01 08:42:30,M-01,CYC-0021,LENS-A,RCP-A,3,MOLD-02,12060,press,process.sample,379.6,375.8,525.2,3.97,kN
2026-06-01 08:42:45,M-01,CYC-0021,LENS-A,RCP-A,3,MOLD-02,12060,anneal,process.sample,418.4,415.1,529.0,5.99,kN
2026-06-01 08:43:00,M-01,CYC-0021,LENS-A,RCP-A,3,MOLD-02,12060,cool,process.sample,460.9,457.8,531.3,8.08,kN
2026-06-01 08:43:15,M-01,CYC-0021,LENS-A,RCP-A,3,MOLD-02,12060,cool,cycle.completed,117.0,116.5,0.0,10.00,kN
2026-06-01 08:43:45,M-01,CYC-0022,LENS-A,RCP-A,3,MOLD-02,12063,preheat,cycle.started,181.7,177.9,0.0,0.00,kN
2026-06-01 08:44:05,M-01,CYC-0022,LENS-A,RCP-A,3,MOLD-02,12063,preheat,process.sample,299.5,294.1,0.0,0.06,kN
2026-06-01 08:44:20,M-01,CYC-0022,LENS-A,RCP-A,3,MOLD-02,12063,soak,process.sample,339.9,336.8,0.0,2.07,kN
2026-06-01 08:44:35,M-01,CYC-0022,LENS-A,RCP-A,3,MOLD-02,12063,press,process.sample,380.0,378.2,513.1,3.97,kN
2026-06-01 08:44:50,M-01,CYC-0022,LENS-A,RCP-A,3,MOLD-02,12063,anneal,process.sample,418.7,417.4,511.6,6.00,kN
2026-06-01 08:45:05,M-01,CYC-0022,LENS-A,RCP-A,3,MOLD-02,12063,cool,process.sample,461.1,457.4,529.7,7.96,kN
2026-06-01 08:45:20,M-01,CYC-0022,LENS-A,RCP-A,3,MOLD-02,12063,cool,cycle.completed,120.0,119.9,0.0,10.00,kN
2026-06-01 08:45:50,M-01,CYC-0023,LENS-A,RCP-A,3,MOLD-02,12066,preheat,cycle.started,179.5,177.9,0.0,0.00,kN
2026-06-01 08:46:10,M-01,CYC-0023,LENS-A,RCP-A,3,MOLD-02,12066,preheat,process.sample,302.6,297.5,0.0,-0.06,kN
2026-06-01 08:46:25,M-01,CYC-0023,LENS-A,RCP-A,3,MOLD-02,12066,soak,process.sample,342.4,341.4,0.0,1.92,kN
2026-06-01 08:46:40,M-01,CYC-0023,LENS-A,RCP-A,3,MOLD-02,12066,press,process.sample,381.9,377.7,509.6,4.05,kN
2026-06-01 08:46:55,M-01,CYC-0023,LENS-A,RCP-A,3,MOLD-02,12066,anneal,process.sample,419.5,417.8,525.6,6.07,kN
2026-06-01 08:47:10,M-01,CYC-0023,LENS-A,RCP-A,3,MOLD-02,12066,cool,process.sample,459.1,458.0,505.9,7.92,kN
2026-06-01 08:47:25,M-01,CYC-0023,LENS-A,RCP-A,3,MOLD-02,12066,cool,cycle.completed,121.0,119.5,0.0,10.00,kN
2026-06-01 08:47:55,M-01,CYC-0024,LENS-A,RCP-A,3,MOLD-02,12069,preheat,cycle.started,179.7,176.6,0.0,0.00,kN
2026-06-01 08:48:15,M-01,CYC-0024,LENS-A,RCP-A,3,MOLD-02,12069,preheat,process.sample,301.9,297.0,0.0,0.01,kN
2026-06-01 08:48:30,M-01,CYC-0024,LENS-A,RCP-A,3,MOLD-02,12069,soak,process.sample,338.6,335.2,0.0,1.99,kN
2026-06-01 08:48:45,M-01,CYC-0024,LENS-A,RCP-A,3,MOLD-02,12069,press,process.sample,379.1,376.8,513.7,4.04,kN
2026-06-01 08:49:00,M-01,CYC-0024,LENS-A,RCP-A,3,MOLD-02,12069,anneal,process.sample,418.0,414.7,509.9,6.00,kN
2026-06-01 08:49:15,M-01,CYC-0024,LENS-A,RCP-A,3,MOLD-02,12069,cool,process.sample,458.7,455.2,530.3,8.00,kN
2026-06-01 08:49:30,M-01,CYC-0024,LENS-A,RCP-A,3,MOLD-02,12069,cool,cycle.completed,120.5,117.4,0.0,10.00,kN
2026-06-01 08:50:00,M-01,CYC-0025,LENS-A,RCP-A,3,MOLD-02,12072,preheat,cycle.started,179.5,179.1,0.0,0.00,kN
2026-06-01 08:50:20,M-01,CYC-0025,LENS-A,RCP-A,3,MOLD-02,12072,preheat,process.sample,301.0,298.1,0.0,-0.01,kN
2026-06-01 08:50:35,M-01,CYC-0025,LENS-A,RCP-A,3,MOLD-02,12072,soak,process.sample,342.4,336.6,0.0,2.05,kN
2026-06-01 08:50:50,M-01,CYC-0025,LENS-A,RCP-A,3,MOLD-02,12072,press,process.sample,381.3,377.9,509.3,4.08,kN
2026-06-01 08:51:05,M-01,CYC-0025,LENS-A,RCP-A,3,MOLD-02,12072,anneal,process.sample,422.6,420.6,524.4,6.09,kN
2026-06-01 08:51:20,M-01,CYC-0025,LENS-A,RCP-A,3,MOLD-02,12072,cool,process.sample,457.2,452.3,505.2,8.08,kN
2026-06-01 08:51:35,M-01,CYC-0025,LENS-A,RCP-A,3,MOLD-02,12072,cool,cycle.completed,120.6,119.4,0.0,10.00,kN
2026-06-01 08:52:05,M-01,CYC-0026,LENS-A,RCP-A,3,MOLD-02,12075,preheat,cycle.started,178.9,176.1,0.0,0.00,kN
2026-06-01 08:52:25,M-01,CYC-0026,LENS-A,RCP-A,3,MOLD-02,12075,preheat,process.sample,297.6,292.8,0.0,-0.05,kN
2026-06-01 08:52:40,M-01,CYC-0026,LENS-A,RCP-A,3,MOLD-02,12075,soak,process.sample,341.5,336.2,0.0,1.99,kN
2026-06-01 08:52:55,M-01,CYC-0026,LENS-A,RCP-A,3,MOLD-02,12075,press,process.sample,382.7,379.6,527.4,4.07,kN
2026-06-01 08:53:10,M-01,CYC-0026,LENS-A,RCP-A,3,MOLD-02,12075,anneal,process.sample,421.4,419.4,516.4,6.06,kN
2026-06-01 08:53:25,M-01,CYC-0026,LENS-A,RCP-A,3,MOLD-02,12075,cool,process.sample,461.8,456.6,508.2,8.05,kN
2026-06-01 08:53:40,M-01,CYC-0026,LENS-A,RCP-A,3,MOLD-02,12075,cool,cycle.completed,119.5,120.7,0.0,10.00,kN
2026-06-01 08:54:10,M-01,CYC-0027,LENS-A,RCP-A,3,MOLD-02,12078,preheat,cycle.started,178.3,178.8,0.0,0.00,kN
2026-06-01 08:54:30,M-01,CYC-0027,LENS-A,RCP-A,3,MOLD-02,12078,preheat,process.sample,297.0,292.2,0.0,-0.09,kN
2026-06-01 08:54:45,M-01,CYC-0027,LENS-A,RCP-A,3,MOLD-02,12078,soak,process.sample,339.0,334.3,0.0,1.91,kN
2026-06-01 08:55:00,M-01,CYC-0027,,,,,0,press,process.sample,377.6,376.3,513.9,4.10,kN
2026-06-01 08:55:15,M-01,CYC-0027,LENS-A,RCP-A,3,MOLD-02,12078,anneal,process.sample,421.4,417.2,506.2,5.96,kN
2026-06-01 08:55:30,M-01,CYC-0027,LENS-A,RCP-A,3,MOLD-02,12078,cool,process.sample,457.2,452.4,528.4,8.03,kN
2026-06-01 08:55:45,M-01,CYC-0027,LENS-A,RCP-A,3,MOLD-02,12078,cool,cycle.completed,117.5,116.6,0.0,10.00,kN
2026-06-01 08:56:15,M-01,CYC-0028,LENS-A,RCP-A,3,MOLD-02,12081,preheat,cycle.started,179.3,176.4,0.0,0.00,kN
2026-06-01 08:56:35,M-01,CYC-0028,LENS-A,RCP-A,3,MOLD-02,12081,preheat,process.sample,298.7,294.5,0.0,0.06,kN
2026-06-01 08:56:50,M-01,CYC-0028,LENS-A,RCP-A,3,MOLD-02,12081,soak,process.sample,337.8,333.3,0.0,2.04,kN
2026-06-01 08:57:05,M-01,CYC-0028,LENS-A,RCP-A,3,MOLD-02,12081,press,process.sample,382.6,380.9,505.5,3.96,kN
2026-06-01 08:57:20,M-01,CYC-0028,LENS-A,RCP-A,3,MOLD-02,12081,anneal,process.sample,420.7,419.5,506.4,5.99,kN
2026-06-01 08:57:35,M-01,CYC-0028,LENS-A,RCP-A,3,MOLD-02,12081,cool,process.sample,458.4,455.9,509.4,8.02,kN
2026-06-01 08:57:50,M-01,CYC-0028,LENS-A,RCP-A,3,MOLD-02,12081,cool,cycle.completed,119.3,117.7,0.0,10.00,kN
2026-06-01 08:58:20,M-01,CYC-0029,LENS-A,RCP-A,3,MOLD-02,12084,preheat,cycle.started,180.6,177.6,0.0,0.00,kN
2026-06-01 08:58:40,M-01,CYC-0029,LENS-A,RCP-A,3,MOLD-02,12084,preheat,process.sample,301.5,298.0,0.0,0.07,kN
2026-06-01 08:58:55,M-01,CYC-0029,LENS-A,RCP-A,3,MOLD-02,12084,soak,process.sample,337.7,333.0,0.0,2.05,kN
2026-06-01 08:59:10,M-01,CYC-0029,LENS-A,RCP-A,3,MOLD-02,12084,press,process.sample,377.4,374.3,517.9,4.10,kN
2026-06-01 08:59:25,M-01,CYC-0029,LENS-A,RCP-A,3,MOLD-02,12084,anneal,process.sample,420.6,418.8,513.5,5.92,kN
2026-06-01 08:59:40,M-01,CYC-0029,LENS-A,RCP-A,3,MOLD-02,12084,cool,process.sample,461.0,456.3,507.6,8.06,kN
2026-06-01 09:00:25,M-01,CYC-0030,LENS-A,RCP-A,3,MOLD-02,12087,preheat,cycle.started,182.0,178.8,0.0,0.00,kN
2026-06-01 09:00:45,M-01,CYC-0030,LENS-A,RCP-A,3,MOLD-02,12087,preheat,process.sample,298.8,297.2,0.0,-0.04,kN
2026-06-01 09:01:00,M-01,CYC-0030,LENS-A,RCP-A,3,MOLD-02,12087,soak,process.sample,337.9,332.3,0.0,1.95,kN
2026-06-01 09:01:15,M-01,CYC-0030,LENS-A,RCP-A,3,MOLD-02,12087,press,process.sample,377.3,372.9,523.2,3.95,kN
2026-06-01 09:01:30,M-01,CYC-0030,LENS-A,RCP-A,3,MOLD-02,12087,anneal,process.sample,419.9,415.9,505.0,6.06,kN
2026-06-01 09:01:45,M-01,CYC-0030,LENS-A,RCP-A,3,MOLD-02,12087,cool,process.sample,457.6,452.0,521.5,7.97,kN
2026-06-01 09:02:00,M-01,CYC-0030,LENS-A,RCP-A,3,MOLD-02,12087,cool,cycle.completed,121.7,119.6,0.0,10.00,kN
2026-06-01 09:02:30,M-01,CYC-0031,LENS-A,RCP-A,3,MOLD-02,12090,preheat,cycle.started,178.6,178.7,0.0,0.00,kN
2026-06-01 09:02:50,M-01,CYC-0031,LENS-A,RCP-A,3,MOLD-02,12090,preheat,process.sample,300.0,298.4,0.0,0.07,kN
2026-06-01 09:03:05,M-01,CYC-0031,LENS-A,RCP-A,3,MOLD-02,12090,soak,process.sample,337.7,331.8,0.0,2.04,kN
2026-06-01 09:03:20,M-01,CYC-0031,LENS-A,RCP-A,3,MOLD-02,12090,press,process.sample,377.2,372.6,529.5,4.05,kN
2026-06-01 09:03:35,M-01,CYC-0031,LENS-A,RCP-A,3,MOLD-02,12090,anneal,process.sample,421.6,418.7,531.8,5.94,kN
2026-06-01 09:03:50,M-01,CYC-0031,LENS-A,RCP-A,3,MOLD-02,12090,cool,process.sample,461.6,458.8,516.0,8.01,kN
2026-06-01 09:04:05,M-01,CYC-0031,LENS-A,RCP-A,3,MOLD-02,12090,cool,cycle.completed,118.0,118.2,0.0,10.00,kN
2026-06-01 09:04:35,M-01,CYC-0032,LENS-A,RCP-A,3,MOLD-02,12093,preheat,cycle.started,179.4,178.3,0.0,0.00,kN
2026-06-01 09:04:55,M-01,CYC-0032,LENS-A,RCP-A,3,MOLD-02,12093,preheat,process.sample,301.1,299.9,0.0,0.07,kN
2026-06-01 09:05:10,M-01,CYC-0032,LENS-A,RCP-A,3,MOLD-02,12093,soak,process.sample,339.9,337.8,0.0,2.00,kN
2026-06-01 09:05:25,M-01,CYC-0032,LENS-A,RCP-A,3,MOLD-02,12093,press,process.sample,377.4,372.2,509.3,3.94,kN
2026-06-01 09:05:40,M-01,CYC-0032,LENS-A,RCP-A,3,MOLD-02,12093,anneal,process.sample,417.7,414.9,506.4,5.91,kN
2026-06-01 09:05:55,M-01,CYC-0032,LENS-A,RCP-A,3,MOLD-02,12093,cool,process.sample,462.1,459.2,513.6,8.06,kN
2026-06-01 09:06:10,M-01,CYC-0032,LENS-A,RCP-A,3,MOLD-02,12093,cool,cycle.completed,121.9,118.6,0.0,10.00,kN
2026-06-01 09:06:40,M-01,CYC-0033,LENS-A,RCP-A,3,MOLD-02,12096,preheat,cycle.started,179.9,176.3,0.0,0.00,kN
2026-06-01 09:07:00,M-01,CYC-0033,LENS-A,RCP-A,3,MOLD-02,12096,preheat,process.sample,299.5,297.6,0.0,-0.06,kN
2026-06-01 09:07:15,M-01,CYC-0033,LENS-A,RCP-A,3,MOLD-02,12096,soak,process.sample,338.8,335.7,0.0,1.94,kN
2026-06-01 09:07:30,M-01,CYC-0033,LENS-A,RCP-A,3,MOLD-02,12096,press,process.sample,381.0,377.1,515.7,3.98,kN
2026-06-01 09:07:45,M-01,CYC-0033,LENS-A,RCP-A,3,MOLD-02,12096,anneal,process.sample,418.0,414.3,533.1,5.98,kN
2026-06-01 09:08:00,M-01,CYC-0033,LENS-A,RCP-A,3,MOLD-02,12096,cool,process.sample,460.0,456.7,505.4,8.10,kN
2026-06-01 09:08:15,M-01,CYC-0033,LENS-A,RCP-A,3,MOLD-02,12096,cool,cycle.completed,120.1,117.2,0.0,10.00,kN
2026-06-01 09:08:45,M-01,CYC-0034,LENS-A,RCP-A,3,MOLD-02,12099,preheat,cycle.started,180.5,178.4,0.0,0.00,kN
2026-06-01 09:09:05,M-01,CYC-0034,LENS-A,RCP-A,3,MOLD-02,12099,preheat,process.sample,301.6,299.7,0.0,0.02,kN
2026-06-01 09:09:20,M-01,CYC-0034,LENS-A,RCP-A,3,MOLD-02,12099,soak,process.sample,339.9,337.8,0.0,1.98,kN
2026-06-01 09:09:35,M-01,CYC-0034,LENS-A,RCP-A,3,MOLD-02,12099,press,process.sample,382.3,377.0,526.4,3.96,kN
2026-06-01 09:09:50,M-01,CYC-0034,LENS-A,RCP-A,3,MOLD-02,12099,anneal,process.sample,422.2,420.8,506.8,6.03,kN
2026-06-01 09:10:05,M-01,CYC-0034,LENS-A,RCP-A,3,MOLD-02,12099,cool,process.sample,461.5,460.2,521.7,8.08,kN
2026-06-01 09:10:20,M-01,CYC-0034,LENS-A,RCP-A,3,MOLD-02,12099,cool,cycle.completed,120.6,117.9,0.0,10.00,kN
2026-06-01 09:10:50,M-01,CYC-0035,LENS-A,RCP-A,3,MOLD-02,12102,preheat,cycle.started,178.2,179.3,0.0,0.00,kN
2026-06-01 09:11:10,M-01,CYC-0035,LENS-A,RCP-A,3,MOLD-02,12102,preheat,process.sample,298.8,297.5,0.0,0.08,kN
2026-06-01 09:11:25,M-01,CYC-0035,LENS-A,RCP-A,3,MOLD-02,12102,soak,process.sample,342.8,338.0,0.0,1.95,kN
2026-06-01 09:11:40,M-01,CYC-0035,LENS-A,RCP-A,3,MOLD-02,12102,press,process.sample,378.5,374.9,515.4,3.96,kN
2026-06-01 09:11:55,M-01,CYC-0035,LENS-A,RCP-A,3,MOLD-02,12102,anneal,process.sample,421.4,418.3,508.1,6.02,kN
2026-06-01 09:12:10,M-01,CYC-0035,LENS-A,RCP-A,3,MOLD-02,12102,cool,process.sample,459.6,455.2,526.0,8.04,kN
2026-06-01 09:12:25,M-01,CYC-0035,LENS-A,RCP-A,3,MOLD-02,12102,cool,cycle.completed,120.0,119.6,0.0,10.00,kN
2026-06-01 09:12:55,M-01,CYC-0036,LENS-A,RCP-A,3,MOLD-02,12105,preheat,cycle.started,180.5,176.8,0.0,0.00,kN
2026-06-01 09:13:15,M-01,CYC-0036,LENS-A,RCP-A,3,MOLD-02,12105,preheat,process.sample,300.6,299.0,0.0,0.08,kN
2026-06-01 09:13:30,M-01,CYC-0036,LENS-A,RCP-A,3,MOLD-02,12105,soak,process.sample,337.8,335.5,0.0,2.05,kN
2026-06-01 09:13:45,M-01,CYC-0036,LENS-A,RCP-A,3,MOLD-02,12105,press,process.sample,382.3,377.9,506.3,4.03,kN
2026-06-01 09:14:00,M-01,CYC-0036,LENS-A,RCP-A,3,MOLD-02,12105,anneal,process.sample,418.2,416.4,512.0,5.96,kN
2026-06-01 09:14:15,M-01,CYC-0036,LENS-A,RCP-A,3,MOLD-02,12105,cool,process.sample,461.0,458.7,507.7,7.98,kN
2026-06-01 09:14:30,M-01,CYC-0036,LENS-A,RCP-A,3,MOLD-02,12105,cool,cycle.completed,121.5,120.1,0.0,10.00,kN
2026-06-01 09:15:00,M-01,CYC-0037,LENS-A,RCP-A,3,MOLD-02,12108,preheat,cycle.started,181.1,178.1,0.0,0.00,kN
2026-06-01 09:15:20,M-01,CYC-0037,LENS-A,RCP-A,3,MOLD-02,12108,preheat,process.sample,297.2,295.6,0.0,0.03,kN
2026-06-01 09:15:35,M-01,CYC-0037,LENS-A,RCP-A,3,MOLD-02,12108,soak,process.sample,337.1,335.6,0.0,1.92,kN
2026-06-01 09:15:50,M-01,CYC-0037,LENS-A,RCP-A,3,MOLD-02,12108,press,process.sample,381.7,376.3,531.5,3.97,kN
2026-06-01 09:16:05,M-01,CYC-0037,LENS-A,RCP-A,3,MOLD-02,12108,anneal,process.sample,418.0,412.9,523.9,6.06,kN
2026-06-01 09:16:20,M-01,CYC-0037,LENS-A,RCP-A,3,MOLD-02,12108,cool,process.sample,461.7,459.6,533.4,8.02,kN
2026-06-01 09:16:35,M-01,CYC-0037,LENS-A,RCP-A,3,MOLD-02,12108,cool,cycle.completed,119.7,120.1,0.0,10.00,kN
2026-06-01 09:17:05,M-01,CYC-0038,LENS-A,RCP-A,3,MOLD-02,12111,preheat,cycle.started,178.9,179.4,0.0,0.00,kN
2026-06-01 09:17:25,M-01,CYC-0038,LENS-A,RCP-A,3,MOLD-02,12111,preheat,process.sample,297.5,294.5,0.0,-0.02,kN
2026-06-01 09:17:40,M-01,CYC-0038,LENS-A,RCP-A,3,MOLD-02,12111,soak,process.sample,341.9,336.0,0.0,1.94,kN
2026-06-01 09:17:55,M-01,CYC-0038,LENS-A,RCP-A,3,MOLD-02,12111,press,process.sample,380.7,375.6,513.1,4.08,kN
2026-06-01 09:18:10,M-01,CYC-0038,LENS-A,RCP-A,3,MOLD-02,12111,anneal,process.sample,421.3,416.9,518.7,5.95,kN
2026-06-01 09:18:25,M-01,CYC-0038,LENS-A,RCP-A,3,MOLD-02,12111,cool,process.sample,457.1,451.3,524.5,8.06,kN
2026-06-01 09:18:40,M-01,CYC-0038,LENS-A,RCP-A,3,MOLD-02,12111,cool,cycle.completed,119.2,119.2,0.0,10.00,kN
2026-06-01 09:19:10,M-01,CYC-0039,LENS-A,RCP-A,3,MOLD-02,12114,preheat,cycle.started,181.8,178.4,0.0,0.00,kN
2026-06-01 09:19:30,M-01,CYC-0039,LENS-A,RCP-A,3,MOLD-02,12114,preheat,process.sample,300.8,295.6,0.0,-0.07,kN
2026-06-01 09:19:45,M-01,CYC-0039,LENS-A,RCP-A,3,MOLD-02,12114,soak,process.sample,338.8,334.3,0.0,2.01,kN
2026-06-01 09:20:00,M-01,CYC-0039,LENS-A,RCP-A,3,MOLD-02,12114,press,process.sample,380.7,378.2,517.7,3.91,kN
2026-06-01 09:20:15,M-01,CYC-0039,LENS-A,RCP-A,3,MOLD-02,12114,anneal,process.sample,421.6,419.0,530.7,6.08,kN
2026-06-01 09:20:30,M-01,CYC-0039,LENS-A,RCP-A,3,MOLD-02,12114,cool,process.sample,460.7,458.6,512.2,8.06,kN
2026-06-01 09:20:45,M-01,CYC-0039,LENS-A,RCP-A,3,MOLD-02,12114,cool,cycle.completed,117.6,115.2,0.0,10.00,kN
2026-06-01 09:21:15,M-01,CYC-0040,LENS-A,RCP-A,3,MOLD-02,12117,preheat,cycle.started,182.0,176.6,0.0,0.00,kN
2026-06-01 09:21:35,M-01,CYC-0040,LENS-A,RCP-A,3,MOLD-02,12117,preheat,process.sample,299.6,295.4,0.0,0.03,kN
2026-06-01 09:21:50,M-01,CYC-0040,LENS-A,RCP-A,3,MOLD-02,12117,soak,process.sample,342.6,338.4,0.0,1.92,kN
2026-06-01 09:22:05,M-01,CYC-0040,LENS-A,RCP-A,3,MOLD-02,12117,press,process.sample,380.1,374.7,517.2,4.00,kN
2026-06-01 09:22:20,M-01,CYC-0040,LENS-A,RCP-A,3,MOLD-02,12117,anneal,process.sample,418.5,416.7,514.9,6.03,kN
2026-06-01 09:22:35,M-01,CYC-0040,LENS-A,RCP-A,3,MOLD-02,12117,cool,process.sample,462.9,461.3,518.7,8.10,kN
2026-06-01 09:22:50,M-01,CYC-0040,LENS-A,RCP-A,3,MOLD-02,12117,cool,cycle.completed,120.1,115.8,0.0,10.00,kN
2026-06-01 09:23:20,M-01,CYC-0041,LENS-A,RCP-A,3,MOLD-09,500,preheat,cycle.started,179.1,178.1,0.0,0.00,N
2026-06-01 09:23:40,M-01,CYC-0041,LENS-A,RCP-A,3,MOLD-09,500,preheat,process.sample,299.6,294.9,0.0,0.09,N
2026-06-01 09:23:55,M-01,CYC-0041,LENS-A,RCP-A,3,MOLD-09,500,soak,process.sample,337.2,335.6,0.0,2.04,N
2026-06-01 09:24:10,M-01,CYC-0041,LENS-A,RCP-A,3,MOLD-09,500,press,process.sample,377.4,376.1,512.9,3.92,N
2026-06-01 09:24:25,M-01,CYC-0041,LENS-A,RCP-A,3,MOLD-09,500,anneal,process.sample,417.7,414.9,522.4,5.96,N
2026-06-01 09:24:40,M-01,CYC-0041,LENS-A,RCP-A,3,MOLD-09,500,cool,process.sample,458.8,452.9,533.6,8.07,N
2026-06-01 09:24:55,M-01,CYC-0041,LENS-A,RCP-A,3,MOLD-09,500,cool,cycle.completed,121.5,116.0,0.0,10.00,N
2026-06-01 09:25:25,M-01,CYC-0042,LENS-A,RCP-A,3,MOLD-09,502,preheat,cycle.started,178.4,179.8,0.0,0.00,N
2026-06-01 09:25:45,M-01,CYC-0042,LENS-A,RCP-A,3,MOLD-09,502,preheat,process.sample,302.8,298.4,0.0,-0.04,N
2026-06-01 09:26:00,M-01,CYC-0042,LENS-A,RCP-A,3,MOLD-09,502,soak,process.sample,341.4,340.0,0.0,1.94,N
2026-06-01 09:26:15,M-01,CYC-0042,LENS-A,RCP-A,3,MOLD-09,502,press,process.sample,379.1,373.4,510.8,4.01,N
2026-06-01 09:26:30,M-01,CYC-0042,LENS-A,RCP-A,3,MOLD-09,502,anneal,process.sample,417.5,414.6,509.6,5.98,N
2026-06-01 09:26:45,M-01,CYC-0042,LENS-A,RCP-A,3,MOLD-09,502,cool,process.sample,458.6,456.6,534.5,7.95,N
2026-06-01 09:27:00,M-01,CYC-0042,LENS-A,RCP-A,3,MOLD-09,502,cool,cycle.completed,120.3,120.9,0.0,10.00,N
2026-06-01 09:27:30,M-01,CYC-0043,LENS-A,RCP-A,3,MOLD-09,504,preheat,cycle.started,180.5,179.8,0.0,0.00,N
2026-06-01 09:27:50,M-01,CYC-0043,LENS-A,RCP-A,3,MOLD-09,504,preheat,process.sample,299.5,295.3,0.0,-0.06,N
2026-06-01 09:28:05,M-01,CYC-0043,LENS-A,RCP-A,3,MOLD-09,504,soak,process.sample,338.9,336.8,0.0,2.00,N
2026-06-01 09:28:20,M-01,CYC-0043,LENS-A,RCP-A,3,MOLD-09,504,press,process.sample,378.8,377.1,526.4,4.01,N
2026-06-01 09:28:35,M-01,CYC-0043,LENS-A,RCP-A,3,MOLD-09,504,anneal,process.sample,417.1,415.3,509.4,6.00,N
2026-06-01 09:28:50,M-01,CYC-0043,LENS-A,RCP-A,3,MOLD-09,504,cool,process.sample,462.7,458.5,507.1,8.06,N
2026-06-01 09:29:05,M-01,CYC-0043,LENS-A,RCP-A,3,MOLD-09,504,cool,cycle.completed,118.2,120.4,0.0,10.00,N
2026-06-01 09:29:35,M-01,CYC-0044,LENS-A,RCP-A,3,MOLD-09,506,preheat,cycle.started,178.5,176.4,0.0,0.00,N
2026-06-01 09:29:55,M-01,CYC-0044,LENS-A,RCP-A,3,MOLD-09,506,preheat,process.sample,298.6,295.9,0.0,-0.01,N
2026-06-01 09:30:10,M-01,CYC-0044,LENS-A,RCP-A,3,MOLD-09,506,soak,process.sample,338.4,336.2,0.0,1.95,N
2026-06-01 09:30:25,M-01,CYC-0044,LENS-A,RCP-A,3,MOLD-09,506,press,process.sample,382.8,380.8,513.7,4.05,N
2026-06-01 09:30:40,M-01,CYC-0044,LENS-A,RCP-A,3,MOLD-09,506,anneal,process.sample,421.0,418.9,524.7,5.99,N
2026-06-01 09:30:55,M-01,CYC-0044,LENS-A,RCP-A,3,MOLD-09,506,cool,process.sample,462.1,460.1,524.2,7.94,N
2026-06-01 09:31:10,M-01,CYC-0044,LENS-A,RCP-A,3,MOLD-09,506,cool,cycle.completed,120.4,117.5,0.0,10.00,N
2026-06-01 09:31:40,M-01,CYC-0045,LENS-A,RCP-A,3,MOLD-09,508,preheat,cycle.started,181.9,178.5,0.0,0.00,N
2026-06-01 09:32:00,M-01,CYC-0045,LENS-A,RCP-A,3,MOLD-09,508,preheat,process.sample,302.9,300.1,0.0,-0.09,N
2026-06-01 09:32:15,M-01,CYC-0045,LENS-A,RCP-A,3,MOLD-09,508,soak,process.sample,337.7,336.2,0.0,1.99,N
2026-06-01 09:32:30,M-01,CYC-0045,LENS-A,RCP-A,3,MOLD-09,508,press,process.sample,379.3,373.9,520.1,3.98,N
2026-06-01 09:32:45,M-01,CYC-0045,LENS-A,RCP-A,3,MOLD-09,508,anneal,process.sample,417.3,415.3,510.9,6.00,N
2026-06-01 09:33:00,M-01,CYC-0045,LENS-A,RCP-A,3,MOLD-09,508,cool,process.sample,460.4,459.1,507.8,8.09,N
2026-06-01 09:33:45,M-01,CYC-0046,LENS-A,RCP-A,3,MOLD-09,510,preheat,cycle.started,181.6,178.4,0.0,0.00,N
2026-06-01 09:34:05,M-01,CYC-0046,LENS-A,RCP-A,3,MOLD-09,510,preheat,process.sample,301.0,298.0,0.0,0.07,N
2026-06-01 09:34:20,M-01,CYC-0046,LENS-A,RCP-A,3,MOLD-09,510,soak,process.sample,342.8,337.3,0.0,1.95,N
2026-06-01 09:34:35,M-01,CYC-0046,LENS-A,RCP-A,3,MOLD-09,510,press,process.sample,378.3,376.6,528.9,4.10,N
2026-06-01 09:34:50,M-01,CYC-0046,LENS-A,RCP-A,3,MOLD-09,510,anneal,process.sample,419.4,413.9,525.9,5.97,N
2026-06-01 09:35:05,M-01,CYC-0046,LENS-A,RCP-A,3,MOLD-09,510,cool,process.sample,457.1,451.9,516.5,7.93,N
2026-06-01 09:35:20,M-01,CYC-0046,LENS-A,RCP-A,3,MOLD-09,510,cool,cycle.completed,118.8,115.5,0.0,10.00,N
2026-06-01 09:35:50,M-01,CYC-0047,LENS-A,RCP-A,3,MOLD-09,512,preheat,cycle.started,180.6,178.2,0.0,0.00,N
2026-06-01 09:36:10,M-01,CYC-0047,LENS-A,RCP-A,3,MOLD-09,512,preheat,process.sample,300.6,294.7,0.0,0.09,N
2026-06-01 09:36:25,M-01,CYC-0047,LENS-A,RCP-A,3,MOLD-09,512,soak,process.sample,340.2,337.4,0.0,2.10,N
2026-06-01 09:36:40,M-01,CYC-0047,LENS-A,RCP-A,3,MOLD-09,512,press,process.sample,381.3,379.5,520.4,3.91,N
2026-06-01 09:36:55,M-01,CYC-0047,LENS-A,RCP-A,3,MOLD-09,512,anneal,process.sample,420.5,414.6,533.2,5.98,N
2026-06-01 09:37:10,M-01,CYC-0047,LENS-A,RCP-A,3,MOLD-09,512,cool,process.sample,459.3,454.9,530.0,8.09,N
2026-06-01 09:37:25,M-01,CYC-0047,LENS-A,RCP-A,3,MOLD-09,512,cool,cycle.completed,122.2,116.1,0.0,10.00,N
2026-06-01 09:37:55,M-01,CYC-0048,LENS-A,RCP-A,3,MOLD-09,514,preheat,cycle.started,179.9,177.7,0.0,0.00,N
2026-06-01 09:38:15,M-01,CYC-0048,LENS-A,RCP-A,3,MOLD-09,514,preheat,process.sample,297.7,296.0,0.0,0.06,N
2026-06-01 09:38:30,M-01,CYC-0048,LENS-A,RCP-A,3,MOLD-09,514,soak,process.sample,340.7,338.6,0.0,2.05,N
2026-06-01 09:38:45,M-01,CYC-0048,LENS-A,RCP-A,3,MOLD-09,514,press,process.sample,378.4,375.1,520.4,4.05,N
2026-06-01 09:39:00,M-01,CYC-0048,LENS-A,RCP-A,3,MOLD-09,514,anneal,process.sample,421.3,419.1,509.7,6.09,N
2026-06-01 09:39:15,M-01,CYC-0048,LENS-A,RCP-A,3,MOLD-09,514,cool,process.sample,460.8,455.9,521.8,8.01,N
2026-06-01 09:39:30,M-01,CYC-0048,LENS-A,RCP-A,3,MOLD-09,514,cool,cycle.completed,120.8,119.1,0.0,10.00,N
2026-06-01 09:40:00,M-01,CYC-0049,LENS-A,RCP-A,3,MOLD-09,516,preheat,cycle.started,180.0,176.4,0.0,0.00,N
2026-06-01 09:40:20,M-01,CYC-0049,LENS-A,RCP-A,3,MOLD-09,516,preheat,process.sample,301.9,297.6,0.0,-0.05,N
2026-06-01 09:40:35,M-01,CYC-0049,LENS-A,RCP-A,3,MOLD-09,516,soak,process.sample,339.7,338.3,0.0,2.04,N
2026-06-01 09:40:50,M-01,CYC-0049,LENS-A,RCP-A,3,MOLD-09,516,press,process.sample,381.7,377.2,519.0,3.91,N
2026-06-01 09:41:05,M-01,CYC-0049,LENS-A,RCP-A,3,MOLD-09,516,anneal,process.sample,419.1,416.7,514.1,6.02,N
2026-06-01 09:41:20,M-01,CYC-0049,LENS-A,RCP-A,3,MOLD-09,516,cool,process.sample,460.9,457.8,515.5,7.92,N
2026-06-01 09:41:35,M-01,CYC-0049,LENS-A,RCP-A,3,MOLD-09,516,cool,cycle.completed,120.8,116.0,0.0,10.00,N
2026-06-01 09:42:05,M-01,CYC-0050,LENS-A,RCP-A,3,MOLD-09,518,preheat,cycle.started,178.8,176.5,0.0,0.00,N
2026-06-01 09:42:25,M-01,CYC-0050,LENS-A,RCP-A,3,MOLD-09,518,preheat,process.sample,297.2,291.7,0.0,-0.07,N
2026-06-01 09:42:40,M-01,CYC-0050,LENS-A,RCP-A,3,MOLD-09,518,soak,process.sample,339.6,335.1,0.0,1.93,N
2026-06-01 09:42:55,M-01,CYC-0050,LENS-A,RCP-A,3,MOLD-09,518,press,process.sample,378.6,374.9,507.2,4.06,N
2026-06-01 09:43:10,M-01,CYC-0050,LENS-A,RCP-A,3,MOLD-09,518,anneal,process.sample,418.3,414.6,533.5,5.97,N
2026-06-01 09:43:25,M-01,CYC-0050,LENS-A,RCP-A,3,MOLD-09,518,cool,process.sample,458.6,456.6,532.9,8.04,N
2026-06-01 09:43:40,M-01,CYC-0050,LENS-A,RCP-A,3,MOLD-09,518,cool,cycle.completed,119.7,117.5,0.0,10.00,N
2026-06-01 09:44:10,M-01,CYC-0051,LENS-A,RCP-A,3,MOLD-09,520,preheat,cycle.started,181.5,178.9,0.0,0.00,N
2026-06-01 09:44:30,M-01,CYC-0051,LENS-A,RCP-A,3,MOLD-09,520,preheat,process.sample,297.3,295.9,0.0,0.03,N
2026-06-01 09:44:45,M-01,CYC-0051,LENS-A,RCP-A,3,MOLD-09,520,soak,process.sample,340.3,335.9,0.0,1.92,N
2026-06-01 09:45:00,M-01,CYC-0051,LENS-A,RCP-A,3,MOLD-09,520,press,process.sample,381.8,376.3,526.2,4.07,N
2026-06-01 09:45:15,M-01,CYC-0051,LENS-A,RCP-A,3,MOLD-09,520,anneal,process.sample,419.9,416.2,511.8,5.91,N
2026-06-01 09:45:30,M-01,CYC-0051,LENS-A,RCP-A,3,MOLD-09,520,cool,process.sample,457.4,451.8,517.2,8.04,N
2026-06-01 09:45:45,M-01,CYC-0051,LENS-A,RCP-A,3,MOLD-09,520,cool,cycle.completed,122.9,115.2,0.0,10.00,N
2026-06-01 09:46:15,M-01,CYC-0052,LENS-A,RCP-A,3,MOLD-09,522,preheat,cycle.started,178.8,176.8,0.0,0.00,N
2026-06-01 09:46:35,M-01,CYC-0052,LENS-A,RCP-A,3,MOLD-09,522,preheat,process.sample,300.1,298.3,0.0,0.07,N
2026-06-01 09:46:50,M-01,CYC-0052,LENS-A,RCP-A,3,MOLD-09,522,soak,process.sample,342.1,336.8,0.0,2.01,N
2026-06-01 09:47:05,M-01,CYC-0052,LENS-A,RCP-A,3,MOLD-09,522,press,process.sample,377.7,371.8,507.0,3.92,N
2026-06-01 09:47:20,M-01,CYC-0052,LENS-A,RCP-A,3,MOLD-09,522,anneal,process.sample,422.8,419.6,531.0,6.09,N
2026-06-01 09:47:35,M-01,CYC-0052,LENS-A,RCP-A,3,MOLD-09,522,cool,process.sample,457.9,454.8,534.3,8.09,N
2026-06-01 09:47:50,M-01,CYC-0052,LENS-A,RCP-A,3,MOLD-09,522,cool,cycle.completed,119.7,117.4,0.0,10.00,N
2026-06-01 09:48:20,M-01,CYC-0053,LENS-A,RCP-A,3,MOLD-09,524,preheat,cycle.started,180.1,177.6,0.0,0.00,N
2026-06-01 09:48:40,M-01,CYC-0053,LENS-A,RCP-A,3,MOLD-09,524,preheat,process.sample,301.4,299.5,0.0,0.01,N
2026-06-01 09:48:55,M-01,CYC-0053,LENS-A,RCP-A,3,MOLD-09,524,soak,process.sample,337.3,335.8,0.0,1.98,N
2026-06-01 09:49:10,M-01,CYC-0053,LENS-A,RCP-A,3,MOLD-09,524,press,process.sample,379.1,376.0,522.2,4.00,N
2026-06-01 09:49:25,M-01,CYC-0053,LENS-A,RCP-A,3,MOLD-09,524,anneal,process.sample,417.6,415.6,522.1,6.00,N
2026-06-01 09:49:40,M-01,CYC-0053,LENS-A,RCP-A,3,MOLD-09,524,cool,process.sample,460.1,454.1,511.9,7.91,N
2026-06-01 09:49:55,M-01,CYC-0053,LENS-A,RCP-A,3,MOLD-09,524,cool,cycle.completed,122.8,115.4,0.0,10.00,N
2026-06-01 09:50:25,M-01,CYC-0054,LENS-A,RCP-A,3,MOLD-09,526,preheat,cycle.started,181.3,179.3,0.0,0.00,N
2026-06-01 09:50:45,M-01,CYC-0054,LENS-A,RCP-A,3,MOLD-09,526,preheat,process.sample,302.7,299.8,0.0,0.09,N
2026-06-01 09:51:00,M-01,CYC-0054,LENS-A,RCP-A,3,MOLD-09,526,soak,process.sample,339.3,335.7,0.0,2.07,N
2026-06-01 09:51:15,M-01,CYC-0054,,,,,0,press,process.sample,378.2,375.3,513.9,4.06,N
2026-06-01 09:51:30,M-01,CYC-0054,LENS-A,RCP-A,3,MOLD-09,526,anneal,process.sample,418.3,414.6,532.4,6.09,N
2026-06-01 09:51:45,M-01,CYC-0054,LENS-A,RCP-A,3,MOLD-09,526,cool,process.sample,460.1,458.4,505.9,8.05,N
2026-06-01 09:52:00,M-01,CYC-0054,LENS-A,RCP-A,3,MOLD-09,526,cool,cycle.completed,122.9,116.8,0.0,10.00,N
2026-06-01 09:52:30,M-01,CYC-0055,LENS-A,RCP-A,3,MOLD-09,528,preheat,cycle.started,179.2,177.1,0.0,0.00,N
2026-06-01 09:52:50,M-01,CYC-0055,LENS-A,RCP-A,3,MOLD-09,528,preheat,process.sample,299.4,295.0,0.0,-0.10,N
2026-06-01 09:53:05,M-01,CYC-0055,LENS-A,RCP-A,3,MOLD-09,528,soak,process.sample,342.5,339.6,0.0,2.06,N
2026-06-01 09:53:20,M-01,CYC-0055,LENS-A,RCP-A,3,MOLD-09,528,press,process.sample,381.8,376.4,520.3,3.98,N
2026-06-01 09:53:35,M-01,CYC-0055,LENS-A,RCP-A,3,MOLD-09,528,anneal,process.sample,419.1,416.4,520.0,6.07,N
2026-06-01 09:53:50,M-01,CYC-0055,LENS-A,RCP-A,3,MOLD-09,528,cool,process.sample,460.4,456.7,509.1,7.96,N
2026-06-01 09:54:05,M-01,CYC-0055,LENS-A,RCP-A,3,MOLD-09,528,cool,cycle.completed,122.9,119.7,0.0,10.00,N
